Complexity,Loss,Equation
1,0.00056811754,"x9"
3,0.00056798843,"(x9 * 0.9991752)"
5,1.1280959e-5,"((x8 + x9) - x7)"
