{"model_data": {"model": "SimpleRNN", "input_size": 2, "skip": true, "output_size": 1, "unit_type": "LSTM", "num_layers": 1, "hidden_size": 12, "bias_fl": true}, "state_dict": {"rec.weight_ih_l0": [[0.009534715674817562, 0.10762463510036469], [-0.658084511756897, -0.26612845063209534], [-1.5346540212631226, -0.1429263800382614], [-0.05641244724392891, 0.1247112825512886], [0.592563807964325, 0.37964144349098206], [0.0715114027261734, -0.14099350571632385], [-0.11899714916944504, 0.3232390284538269], [0.48278531432151794, 0.13121692836284637], [0.3707735240459442, 0.3276430368423462], [-0.29725855588912964, -0.11684148758649826], [0.40691077709198, -0.5186101198196411], [-0.012513509951531887, -0.3315260410308838], [-0.04998515173792839, -0.20569638907909393], [-0.07892371714115143, 0.003237808123230934], [-1.2343851327896118, 0.27289485931396484], [0.019176116213202477, -0.15560030937194824], [0.4011092782020569, -0.18352413177490234], [0.006120086181908846, -0.08176246285438538], [-0.21711771190166473, -0.22288455069065094], [0.5005088448524475, 0.21628201007843018], [0.5483710169792175, 0.12709298729896545], [-0.07167992740869522, -0.03927033022046089], [-1.8402042388916016, 0.5138047337532043], [-0.41674041748046875, 0.16123315691947937], [0.43471401929855347, 0.06765735894441605], [-0.03188285976648331, -0.15170897543430328], [-0.4476679861545563, -0.14651687443256378], [-0.4090878963470459, -0.06409246474504471], [-0.4787169396877289, 0.0013207450974732637], [0.2146652340888977, 0.015690909698605537], [0.021116850897669792, 0.17231443524360657], [0.3774035573005676, -0.035392455756664276], [-0.42479029297828674, -0.15820516645908356], [-0.21081846952438354, -0.05665973201394081], [0.395505428314209, -0.04499376192688942], [0.44170716404914856, -0.054769665002822876], [0.40371641516685486, -0.10236115008592606], [0.8702137470245361, 0.7938888072967529], [-0.9243723750114441, 0.6341320872306824], [0.08759046345949173, -0.29313725233078003], [-0.677505612373352, 0.3157166838645935], [0.10254193842411041, 0.35050418972969055], [-0.31060853600502014, 0.06277032941579819], [0.2967703342437744, 0.4328548014163971], [0.14841602742671967, 0.08295322954654694], [0.22440750896930695, -0.1346677839756012], [-0.25603315234184265, 0.1831056922674179], [0.01959814317524433, 0.36655062437057495]], "rec.weight_hh_l0": [[0.3641536831855774, 0.02024872601032257, 0.09446310251951218, -0.011257725767791271, -0.2834039330482483, 0.1361236423254013, 0.027075910940766335, 0.396094411611557, -0.3862448036670685, -0.0913022980093956, -0.02545783855021, 0.34260764718055725], [0.13096192479133606, 0.05193347483873367, 0.6413401365280151, 0.285515695810318, -0.12219668179750443, 0.05679233372211456, -0.27932751178741455, -0.023883113637566566, 0.029701409861445427, 0.0614602155983448, -0.013067418709397316, -0.42652156949043274], [0.06565623730421066, 0.3251788914203644, 0.8354673981666565, 0.514076292514801, -0.6473113298416138, -0.07611420750617981, -0.11009319871664047, 0.10551767796278, 0.2711692154407501, -0.07208993285894394, 0.14444947242736816, 0.29607051610946655], [0.05986269190907478, 0.017047204077243805, 0.03513486310839653, 0.5048816204071045, -0.13118886947631836, 0.27976471185684204, 0.11217804998159409, 0.07416632026433945, -0.18589536845684052, -0.04871489480137825, 0.0055830227211117744, -0.06790336221456528], [0.08937736600637436, -0.07793223112821579, -1.1688920259475708, -0.16782991588115692, 0.5292074084281921, -0.4639683961868286, 0.03821072354912758, -0.09883543103933334, 0.3732948303222656, -0.1231154054403305, 0.05565731227397919, -0.16040372848510742], [0.17981955409049988, 0.03552161157131195, 0.16196037828922272, -0.11253193020820618, 0.15093350410461426, 0.18978962302207947, -0.001014210283756256, 0.017582008615136147, 0.07364099472761154, 0.09112592786550522, 0.0330362543463707, 0.1318451315164566], [0.24942675232887268, 0.16221313178539276, 0.21679872274398804, -0.03337623178958893, 0.19855771958827972, 0.07430890202522278, -0.13768424093723297, 0.12603844702243805, -0.06590024381875992, -0.17426949739456177, 0.22854521870613098, 0.22626619040966034], [0.08638066053390503, 0.10054454207420349, -0.09503882378339767, -0.19461768865585327, -0.4217064678668976, 0.14322392642498016, -0.07487190514802933, 0.043288085609674454, -0.22108884155750275, -0.002352682873606682, 0.08423673361539841, 0.3427937626838684], [0.3520382344722748, 0.08171788603067398, 0.13301564753055573, -0.03850081190466881, -0.1231774091720581, 0.050680212676525116, 0.038997404277324677, 0.3006017506122589, -0.30822885036468506, -0.0795208066701889, 0.19030964374542236, 0.31426188349723816], [0.17614123225212097, -0.1223393976688385, 0.11615271866321564, -0.25468048453330994, -0.008743738755583763, -0.00012385996524244547, -0.15445935726165771, 0.18767105042934418, -0.07998979836702347, 0.031536445021629333, 0.11558693647384644, 0.279568076133728], [-0.04187372326850891, 0.15644873678684235, 0.11613112688064575, -0.21776297688484192, 0.8545930981636047, 5.7423010730417445e-05, 0.3726176917552948, -0.11060409992933273, 0.43577101826667786, 0.4178532660007477, -0.3648984134197235, 0.5677907466888428], [-0.06304851919412613, -0.5471423268318176, -0.23713496327400208, -0.35371601581573486, 0.2874792814254761, -0.32786303758621216, -0.10855309665203094, -0.04352458193898201, 0.001898748567327857, 0.21237486600875854, -0.20395731925964355, -0.27891841530799866], [0.48861774802207947, 0.10125825554132462, 0.20257052779197693, 0.20299255847930908, -0.38061413168907166, 0.20350633561611176, -0.5355390906333923, 0.10340243577957153, -0.4885428547859192, -0.20002593100070953, 0.2445661872625351, 0.36827602982521057], [0.40373384952545166, 0.09010229259729385, 0.6761924624443054, 0.4004298448562622, -0.08423803001642227, -0.006699011195451021, -0.353442907333374, 0.1797802746295929, -0.23343247175216675, 0.03478499501943588, -0.2937396168708801, -0.5734182000160217], [0.13747313618659973, 0.17932409048080444, 1.0827257633209229, -0.320593923330307, -0.41020122170448303, -0.05379752442240715, -0.09882231056690216, 0.062428973615169525, -0.31860649585723877, 0.0017893122276291251, 0.5845654606819153, 0.5366536974906921], [-0.0978384017944336, 0.07868872582912445, -0.1765250265598297, 0.6320403814315796, -0.31475260853767395, 0.08735354244709015, 0.2646101117134094, 0.25037261843681335, 0.02172185853123665, 0.03131449222564697, 0.3350962698459625, -0.06795424222946167], [0.12721534073352814, 0.3197542130947113, -0.25092941522598267, 0.21730521321296692, 0.3344181478023529, -0.09077300876379013, -0.4631471037864685, 0.11546098440885544, -0.44843822717666626, -0.5021229386329651, 0.43179798126220703, -0.037098031491041183], [0.23389747738838196, -0.01384826097637415, 0.4805421829223633, 0.06961075961589813, 0.07002192735671997, 0.21580128371715546, -0.09181839227676392, 0.16445542871952057, -0.36790546774864197, 0.02513526752591133, 0.18940524756908417, 0.1794089376926422], [-0.027912314981222153, -0.3431897461414337, 0.2935045063495636, 0.6620407104492188, 0.40456780791282654, -0.21114817261695862, -0.23879167437553406, -0.2118854820728302, 0.22922882437705994, -0.06143619492650032, -0.12939825654029846, -0.7009332180023193], [0.4183128774166107, 0.05811196193099022, -0.22363920509815216, -0.10290242731571198, -0.5376328229904175, 0.25407716631889343, 0.07733563333749771, 0.4612824618816376, -0.08661960810422897, -0.22959722578525543, 0.3613010048866272, -0.01616452820599079], [0.5604647994041443, 0.3394690454006195, -0.05834834650158882, -0.10381203144788742, -0.11948727071285248, 0.09614107012748718, -0.09047996997833252, 0.48143988847732544, -0.45486605167388916, -0.005866529885679483, 0.09015355259180069, 0.5012747645378113], [0.2723580598831177, 0.09686663746833801, 0.011048072949051857, -0.10527732223272324, 0.22544634342193604, 0.10788211226463318, -0.18176396191120148, 0.265969455242157, -0.1078166589140892, -0.2051333785057068, 0.25947511196136475, 0.4462774991989136], 